{
  "question_flow": [
    "dob",
    "career_fulfillment_q1",
    "career_fulfillment_q2",
    "career_fulfillment_q3",
    "career_fulfillment_q4",
    "career_fulfillment_q5",
    "career_fulfillment_q6",
    "career_fulfillment_q7",
    "career_balance_q1",
    "career_balance_q2",
    "career_balance_q3",
    "career_balance_q4",
    "career_balance_q5",
    "career_balance_q6",
    "career_balance_q7",
    "career_balance_q8",
    "career_salary_q1",
    "career_salary_q2",
    "career_salary_q3",
    "career_salary_q4",
    "career_salary_q5",
    "career_salary_q6",
    "career_salary_q7",
    "career_growth_q1",
    "career_growth_q2",
    "career_growth_q3",
    "career_growth_q4",
    "career_growth_q5",
    "career_growth_q6",
    "career_growth_q7",
    "finances_income_q1",
    "finances_income_q2",
    "finances_income_q3",
    "finances_income_q4",
    "finances_income_q5",
    "finances_income_q6",
    "finances_income_q7",
    "finances_savings_q1",
    "finances_savings_q2",
    "finances_savings_q3",
    "finances_savings_q4",
    "finances_savings_q5",
    "finances_savings_q6",
    "finances_literacy_q1",
    "finances_literacy_q2",
    "finances_literacy_q3",
    "finances_literacy_q4",
    "finances_literacy_q5",
    "finances_literacy_q6",
    "finances_literacy_q7",
    "finances_mindset_q1",
    "finances_mindset_q2",
    "finances_mindset_q3",
    "finances_mindset_q4",
    "finances_mindset_q5",
    "finances_mindset_q6",
    "finances_mindset_q7",
    "health_activity_q1",
    "health_activity_q2",
    "health_activity_q3",
    "health_activity_q4",
    "health_activity_q5",
    "health_activity_q6",
    "health_activity_q7",
    "health_nutrition_q1",
    "health_nutrition_q2",
    "health_nutrition_q3",
    "health_nutrition_q4",
    "health_nutrition_q5",
    "health_nutrition_q6",
    "health_nutrition_q7",
    "health_sleep_q1",
    "health_sleep_q2",
    "health_sleep_q3",
    "health_sleep_q4",
    "health_sleep_q5",
    "health_sleep_q6",
    "health_sleep_q7",
    "health_mindfulness_q1",
    "health_mindfulness_q2",
    "health_mindfulness_q3",
    "health_mindfulness_q4",
    "health_mindfulness_q5",
    "health_mindfulness_q6",
    "health_mindfulness_q7",
    "connections_inner_circle_q1",
    "connections_inner_circle_q2",
    "connections_inner_circle_q3",
    "connections_inner_circle_q4",
    "connections_inner_circle_q5",
    "connections_inner_circle_q6",
    "connections_inner_circle_q7",
    "connections_community_q1",
    "connections_community_q2",
    "connections_community_q3",
    "connections_community_q4",
    "connections_community_q5",
    "connections_community_q6",
    "connections_nurturing_q1",
    "connections_nurturing_q2",
    "connections_nurturing_q3",
    "connections_nurturing_q4",
    "connections_nurturing_q5",
    "connections_nurturing_q6",
    "connections_nurturing_q7",
    "connections_skills_q1",
    "connections_skills_q2",
    "connections_skills_q3",
    "connections_skills_q4",
    "connections_skills_q5",
    "connections_skills_q6",
    "connections_skills_q7"
  ],
  "section_flow": [
    "basics",
    "career_fulfillment",
    "career_balance",
    "career_salary",
    "career_growth",
    "finances_income",
    "finances_savings",
    "finances_literacy",
    "finances_mindset",
    "health_activity",
    "health_nutrition",
    "health_sleep",
    "health_mindfulness",
    "connections_inner_circle",
    "connections_community",
    "connections_nurturing",
    "connections_skills"
  ],
  "sections": {
    "basics": {
      "total_points": 0,
      "adaptive_trigger_questions": [],
      "adaptive_max_score": 0,
      "questions": ["dob"]
    },
    "career_fulfillment": {
      "total_points": 25,
      "adaptive_trigger_questions": ["career_fulfillment_q4"],
      "adaptive_max_score": 17,
      "questions": [
        "career_fulfillment_q1",
        "career_fulfillment_q2",
        "career_fulfillment_q3",
        "career_fulfillment_q4",
        "career_fulfillment_q5",
        "career_fulfillment_q6",
        "career_fulfillment_q7"
      ]
    },
    "career_balance": {
      "total_points": 25,
      "adaptive_trigger_questions": ["career_balance_q4"],
      "adaptive_max_score": 15,
      "questions": [
        "career_balance_q1",
        "career_balance_q2",
        "career_balance_q3",
        "career_balance_q4",
        "career_balance_q5",
        "career_balance_q6",
        "career_balance_q7",
        "career_balance_q8"
      ]
    },
    "career_salary": {
      "total_points": 25,
      "adaptive_trigger_questions": ["career_salary_q4"],
      "adaptive_max_score": 17,
      "questions": [
        "career_salary_q1",
        "career_salary_q2",
        "career_salary_q3",
        "career_salary_q4",
        "career_salary_q5",
        "career_salary_q6",
        "career_salary_q7"
      ]
    },
    "career_growth": {
      "total_points": 25,
      "adaptive_trigger_questions": ["career_growth_q4"],
      "adaptive_max_score": 16,
      "questions": [
        "career_growth_q1",
        "career_growth_q2",
        "career_growth_q3",
        "career_growth_q4",
        "career_growth_q5",
        "career_growth_q6",
        "career_growth_q7"
      ]
    },
    "finances_income": {
      "total_points": 25,
      "adaptive_trigger_questions": ["finances_income_q4"],
      "adaptive_max_score": 20,
      "questions": [
        "finances_income_q1",
        "finances_income_q2",
        "finances_income_q3",
        "finances_income_q4",
        "finances_income_q5",
        "finances_income_q6",
        "finances_income_q7"
      ]
    },
    "finances_savings": {
      "total_points": 25,
      "adaptive_trigger_questions": ["finances_savings_q4"],
      "adaptive_max_score": 20,
      "questions": [
        "finances_savings_q1",
        "finances_savings_q2",
        "finances_savings_q3",
        "finances_savings_q4",
        "finances_savings_q5",
        "finances_savings_q6"
      ]
    },
    "finances_literacy": {
      "total_points": 25,
      "adaptive_trigger_questions": ["finances_literacy_q4"],
      "adaptive_max_score": 17,
      "questions": [
        "finances_literacy_q1",
        "finances_literacy_q2",
        "finances_literacy_q3",
        "finances_literacy_q4",
        "finances_literacy_q5",
        "finances_literacy_q6",
        "finances_literacy_q7"
      ]
    },
    "finances_mindset": {
      "total_points": 25,
      "adaptive_trigger_questions": ["finances_mindset_q4"],
      "adaptive_max_score": 17,
      "questions": [
        "finances_mindset_q1",
        "finances_mindset_q2",
        "finances_mindset_q3",
        "finances_mindset_q4",
        "finances_mindset_q5",
        "finances_mindset_q6",
        "finances_mindset_q7"
      ]
    },
    "health_activity": {
      "total_points": 25,
      "adaptive_trigger_questions": ["health_activity_q4"],
      "adaptive_max_score": 17,
      "questions": [
        "health_activity_q1",
        "health_activity_q2",
        "health_activity_q3",
        "health_activity_q4",
        "health_activity_q5",
        "health_activity_q6",
        "health_activity_q7"
      ]
    },
    "health_nutrition": {
      "total_points": 25,
      "adaptive_trigger_questions": ["health_nutrition_q4"],
      "adaptive_max_score": 18,
      "questions": [
        "health_nutrition_q1",
        "health_nutrition_q2",
        "health_nutrition_q3",
        "health_nutrition_q4",
        "health_nutrition_q5",
        "health_nutrition_q6",
        "health_nutrition_q7"
      ]
    },
    "health_sleep": {
      "total_points": 25,
      "adaptive_trigger_questions": ["health_sleep_q4"],
      "adaptive_max_score": 18,
      "questions": [
        "health_sleep_q1",
        "health_sleep_q2",
        "health_sleep_q3",
        "health_sleep_q4",
        "health_sleep_q5",
        "health_sleep_q6",
        "health_sleep_q7"
      ]
    },
    "health_mindfulness": {
      "total_points": 25,
      "adaptive_trigger_questions": ["health_mindfulness_q4"],
      "adaptive_max_score": 18,
      "questions": [
        "health_mindfulness_q1",
        "health_mindfulness_q2",
        "health_mindfulness_q3",
        "health_mindfulness_q4",
        "health_mindfulness_q5",
        "health_mindfulness_q6",
        "health_mindfulness_q7"
      ]
    },
    "connections_inner_circle": {
      "total_points": 25,
      "adaptive_trigger_questions": ["connections_inner_circle_q4"],
      "adaptive_max_score": 17,
      "questions": [
        "connections_inner_circle_q1",
        "connections_inner_circle_q2",
        "connections_inner_circle_q3",
        "connections_inner_circle_q4",
        "connections_inner_circle_q5",
        "connections_inner_circle_q6",
        "connections_inner_circle_q7"
      ]
    },
    "connections_community": {
      "total_points": 25,
      "adaptive_trigger_questions": ["connections_community_q4"],
      "adaptive_max_score": 19,
      "questions": [
        "connections_community_q1",
        "connections_community_q2",
        "connections_community_q3",
        "connections_community_q4",
        "connections_community_q5",
        "connections_community_q6"
      ]
    },
    "connections_nurturing": {
      "total_points": 25,
      "adaptive_trigger_questions": ["connections_nurturing_q4"],
      "adaptive_max_score": 16,
      "questions": [
        "connections_nurturing_q1",
        "connections_nurturing_q2",
        "connections_nurturing_q3",
        "connections_nurturing_q4",
        "connections_nurturing_q5",
        "connections_nurturing_q6",
        "connections_nurturing_q7"
      ]
    },
    "connections_skills": {
      "total_points": 25,
      "adaptive_trigger_questions": ["connections_skills_q4"],
      "adaptive_max_score": 18,
      "questions": [
        "connections_skills_q1",
        "connections_skills_q2",
        "connections_skills_q3",
        "connections_skills_q4",
        "connections_skills_q5",
        "connections_skills_q6",
        "connections_skills_q7"
      ]
    }
  },
  "questions": {
    "dob": {
      "id": "dob",
      "question": "To personalize your timeline, what year were you born?",
      "type": "year",
      "section": "basics",
      "scoring": { "points": 0 }
    },
    "career_fulfillment_q1": {
      "id": "career_fulfillment_q1",
      "question": "On a typical day, how energised do you feel by your work?",
      "type": "slider",
      "section": "career_fulfillment",
      "sliderLabels": { "min": "Drained", "max": "Energised" },
      "scoring": { "points": 5 }
    },
    "career_fulfillment_q2": {
      "id": "career_fulfillment_q2",
      "question": "How well does your role align with your personal values and interests?",
      "type": "slider",
      "section": "career_fulfillment",
      "sliderLabels": { "min": "Not at all", "max": "Perfectly" },
      "scoring": { "points": 5 }
    },
    "career_fulfillment_q3": {
      "id": "career_fulfillment_q3",
      "question": "How much autonomy or control do you have over your daily work?",
      "type": "slider",
      "section": "career_fulfillment",
      "sliderLabels": { "min": "Very Little", "max": "A Great Deal" },
      "scoring": { "points": 4 }
    },
    "career_fulfillment_q4": {
      "id": "career_fulfillment_q4",
      "question": "When you describe your job to others, do you feel a sense of pride?",
      "type": "yes-no",
      "section": "career_fulfillment",
      "scoring": { "points": 3, "target_answer": "yes" }
    },
    "career_fulfillment_q5": {
      "id": "career_fulfillment_q5",
      "question": "Does your work challenge you in a positive and engaging way?",
      "type": "yes-no",
      "section": "career_fulfillment",
      "scoring": { "points": 2, "target_answer": "yes" }
    },
    "career_fulfillment_q6": {
      "id": "career_fulfillment_q6",
      "question": "Do you feel recognised and appreciated by your colleagues or manager?",
      "type": "yes-no",
      "section": "career_fulfillment",
      "scoring": { "points": 3, "target_answer": "yes" }
    },
    "career_fulfillment_q7": {
      "id": "career_fulfillment_q7",
      "question": "Do you feel connected to your team or workplace culture in a meaningful way?",
      "type": "yes-no",
      "section": "career_fulfillment",
      "scoring": { "points": 3, "target_answer": "yes" }
    },
    "career_balance_q1": {
      "id": "career_balance_q1",
      "question": "After your workday ends, how easily can you mentally disconnect from work-related thoughts?",
      "type": "slider",
      "section": "career_balance",
      "sliderLabels": { "min": "Very difficult", "max": "Very easily" },
      "scoring": { "points": 4 }
    },
    "career_balance_q2": {
      "id": "career_balance_q2",
      "question": "How often do you work or check emails outside of your planned working hours?",
      "type": "multiple-choice",
      "section": "career_balance",
      "options": [
        "Daily",
        "A few times a week",
        "Once a week",
        "Rarely",
        "Never"
      ],
      "scoring": {
        "Daily": 0,
        "A few times a week": 1,
        "Once a week": 2,
        "Rarely": 3,
        "Never": 4
      }
    },
    "career_balance_q3": {
      "id": "career_balance_q3",
      "question": "Do you feel like you have enough time for personal interests, hobbies, or downtime?",
      "type": "yes-no",
      "section": "career_balance",
      "scoring": { "points": 4, "target_answer": "yes" }
    },
    "career_balance_q4": {
      "id": "career_balance_q4",
      "question": "Does your current work routine feel healthy and sustainable long-term?",
      "type": "yes-no",
      "section": "career_balance",
      "scoring": { "points": 3, "target_answer": "yes" }
    },
    "career_balance_q5": {
      "id": "career_balance_q5",
      "question": "Do you feel guilt or anxiety when you take time off or are unavailable for work?",
      "type": "yes-no",
      "section": "career_balance",
      "scoring": { "points": 3, "target_answer": "no" }
    },
    "career_balance_q6": {
      "id": "career_balance_q6",
      "question": "How much control do you feel you have over your daily schedule and workload?",
      "type": "slider",
      "section": "career_balance",
      "sliderLabels": { "min": "Very little", "max": "A great deal" },
      "scoring": { "points": 3 }
    },
    "career_balance_q7": {
      "id": "career_balance_q7",
      "question": "Have your personal relationships been negatively impacted by your work?",
      "type": "yes-no",
      "section": "career_balance",
      "scoring": { "points": 2, "target_answer": "no" }
    },
    "career_balance_q8": {
      "id": "career_balance_q8",
      "question": "If a personal matter comes up during work hours, how easy is it for you to handle it?",
      "type": "multiple-choice",
      "section": "career_balance",
      "options": ["Very easy", "Manageable", "Difficult", "Impossible"],
      "scoring": {
        "Very easy": 2,
        "Manageable": 1,
        "Difficult": 0.5,
        "Impossible": 0
      }
    },
    "career_salary_q1": {
      "id": "career_salary_q1",
      "question": "Based on market benchmarks (e.g., Seek, Glassdoor), how do you believe your salary compares to similar roles?",
      "type": "multiple-choice",
      "section": "career_salary",
      "options": [
        "Well Above Market",
        "Slightly Above",
        "At Market Rate",
        "Slightly Below",
        "Well Below Market"
      ],
      "scoring": {
        "Well Above Market": 5,
        "Slightly Above": 4,
        "At Market Rate": 3,
        "Slightly Below": 1,
        "Well Below Market": 0
      }
    },
    "career_salary_q2": {
      "id": "career_salary_q2",
      "question": "Considering your responsibilities and performance, how fairly do you feel you are compensated?",
      "type": "slider",
      "section": "career_salary",
      "sliderLabels": { "min": "Very Unfairly", "max": "Very Fairly" },
      "scoring": { "points": 5 }
    },
    "career_salary_q3": {
      "id": "career_salary_q3",
      "question": "When you consider your total package (salary + super + bonus + benefits), how satisfied are you?",
      "type": "slider",
      "section": "career_salary",
      "sliderLabels": { "min": "Not Satisfied", "max": "Very Satisfied" },
      "scoring": { "points": 4 }
    },
    "career_salary_q4": {
      "id": "career_salary_q4",
      "question": "Is there a clear and transparent process for salary reviews and increases at your company?",
      "type": "yes-no",
      "section": "career_salary",
      "scoring": { "points": 3, "target_answer": "yes" }
    },
    "career_salary_q5": {
      "id": "career_salary_q5",
      "question": "Does your current compensation allow you to meet your personal financial goals without significant stress?",
      "type": "yes-no",
      "section": "career_salary",
      "scoring": { "points": 4, "target_answer": "yes" }
    },
    "career_salary_q6": {
      "id": "career_salary_q6",
      "question": "Has your salary kept pace with your workload and responsibilities over time?",
      "type": "yes-no",
      "section": "career_salary",
      "scoring": { "points": 2, "target_answer": "yes" }
    },
    "career_salary_q7": {
      "id": "career_salary_q7",
      "question": "Is your current compensation aligned with the value you bring to your role?",
      "type": "slider",
      "section": "career_salary",
      "sliderLabels": { "min": "Not at all", "max": "Very much" },
      "scoring": { "points": 2 }
    },
    "career_growth_q1": {
      "id": "career_growth_q1",
      "question": "Do you have a clear idea of what the next step in your career looks like (e.g., the next role or level)?",
      "type": "yes-no",
      "section": "career_growth",
      "scoring": { "points": 4, "target_answer": "yes" }
    },
    "career_growth_q2": {
      "id": "career_growth_q2",
      "question": "When was the last time you learned a new skill (technical or non-technical) that was relevant to your career?",
      "type": "multiple-choice",
      "section": "career_growth",
      "options": [
        "This month",
        "This quarter",
        "This year",
        "More than a year ago"
      ],
      "scoring": {
        "This month": 4,
        "This quarter": 3,
        "This year": 2,
        "More than a year ago": 0
      }
    },
    "career_growth_q3": {
      "id": "career_growth_q3",
      "question": "Do you actively stay up to date with key trends in your field (e.g., AI, market shifts, new technologies)?",
      "type": "multiple-choice",
      "section": "career_growth",
      "options": ["Yes, actively", "Somewhat", "Not really"],
      "scoring": { "Yes, actively": 4, "Somewhat": 2, "Not really": 0 }
    },
    "career_growth_q4": {
      "id": "career_growth_q4",
      "question": "Do you regularly make time (at work or personally) for self-learning, reading, or experimentation?",
      "type": "yes-no",
      "section": "career_growth",
      "scoring": { "points": 4, "target_answer": "yes" }
    },
    "career_growth_q5": {
      "id": "career_growth_q5",
      "question": "Do you have a clear understanding of what would make your current skills obsolete in the next 5 years?",
      "type": "yes-no",
      "section": "career_growth",
      "scoring": { "points": 3, "target_answer": "yes" }
    },
    "career_growth_q6": {
      "id": "career_growth_q6",
      "question": "Are there visible pathways for progression or career development in your current company?",
      "type": "yes-no",
      "section": "career_growth",
      "scoring": { "points": 3, "target_answer": "yes" }
    },
    "career_growth_q7": {
      "id": "career_growth_q7",
      "question": "How valuable is the feedback and coaching you receive to help you grow professionally?",
      "type": "slider",
      "section": "career_growth",
      "sliderLabels": { "min": "Unhelpful", "max": "Highly valuable" },
      "scoring": { "points": 3 }
    },
    "finances_income_q1": {
      "id": "finances_income_q1",
      "question": "After covering all your essential monthly expenses (like housing, utilities, and debt payments), what is your typical financial situation?",
      "type": "multiple-choice",
      "section": "finances_income",
      "options": [
        "I have a significant surplus that I can consistently save or invest.",
        "I have a comfortable surplus.",
        "I have a small, but consistent, amount left over.",
        "I typically break even, with very little or nothing left.",
        "I am usually short and struggle to cover essentials."
      ],
      "scoring": {
        "I have a significant surplus that I can consistently save or invest.": 8,
        "I have a comfortable surplus.": 6,
        "I have a small, but consistent, amount left over.": 4,
        "I typically break even, with very little or nothing left.": 1,
        "I am usually short and struggle to cover essentials.": 0
      }
    },
    "finances_income_q2": {
      "id": "finances_income_q2",
      "question": "How confident are you that you know where your money is going each month?",
      "type": "multiple-choice",
      "section": "finances_income",
      "options": [
        "Very confident - I can account for nearly every dollar.",
        "Fairly confident - I have a good general idea but don't track all the details.",
        "Not confident - I'm often surprised by my bank balance at the end of the month."
      ],
      "scoring": {
        "Very confident - I can account for nearly every dollar.": 5,
        "Fairly confident - I have a good general idea but don't track all the details.": 3,
        "Not confident - I'm often surprised by my bank balance at the end of the month.": 0
      }
    },
    "finances_income_q3": {
      "id": "finances_income_q3",
      "question": "How often do unexpected expenses (e.g., car repairs, medical bills) cause you significant financial stress?",
      "type": "multiple-choice",
      "section": "finances_income",
      "options": ["Never / Rarely", "Sometimes", "Often / Almost Always"],
      "scoring": {
        "Never / Rarely": 4,
        "Sometimes": 2,
        "Often / Almost Always": 0
      }
    },
    "finances_income_q4": {
      "id": "finances_income_q4",
      "question": "How would you describe the stability of your primary source of income?",
      "type": "multiple-choice",
      "section": "finances_income",
      "options": [
        "Very stable and predictable from month to month.",
        "Mostly stable, with occasional minor fluctuations.",
        "Unstable and varies significantly."
      ],
      "scoring": {
        "Very stable and predictable from month to month.": 3,
        "Mostly stable, with occasional minor fluctuations.": 1,
        "Unstable and varies significantly.": 0
      }
    },
    "finances_income_q5": {
      "id": "finances_income_q5",
      "question": "Do you regularly review your recurring subscriptions and bills for opportunities to save?",
      "type": "yes-no",
      "section": "finances_income",
      "scoring": { "points": 2, "target_answer": "yes" }
    },
    "finances_income_q6": {
      "id": "finances_income_q6",
      "question": "How often do you incur avoidable fees, such as late payment charges or overdraft fees?",
      "type": "multiple-choice",
      "section": "finances_income",
      "options": ["Never / Rarely", "Sometimes / Often"],
      "scoring": { "Never / Rarely": 2, "Sometimes / Often": 0 }
    },
    "finances_income_q7": {
      "id": "finances_income_q7",
      "question": "Do you feel confident in your ability to articulate the value you provide in a way that could positively influence your income (e.g., in a performance review, to a client, or when setting prices)?",
      "type": "yes-no",
      "section": "finances_income",
      "scoring": { "points": 1, "target_answer": "yes" }
    },
    "finances_savings_q1": {
      "id": "finances_savings_q1",
      "question": "On average, what percentage of your after-tax income do you purposefully save or invest each month?",
      "type": "multiple-choice",
      "section": "finances_savings",
      "options": [
        "20% or more",
        "10% to 19%",
        "5% to 9%",
        "1% to 4%",
        "0% / I'm not currently able to save."
      ],
      "scoring": {
        "20% or more": 8,
        "10% to 19%": 6,
        "5% to 9%": 4,
        "1% to 4%": 2,
        "0% / I'm not currently able to save.": 0
      }
    },
    "finances_savings_q2": {
      "id": "finances_savings_q2",
      "question": "How prepared are you for a major unexpected expense or loss of income with a dedicated emergency fund?",
      "type": "multiple-choice",
      "section": "finances_savings",
      "options": [
        "Very prepared: I have a fund that could cover 3+ months of essential living expenses.",
        "Somewhat prepared: I have some emergency savings, but it would cover less than 3 months of expenses.",
        "Not prepared: I do not have a dedicated emergency fund."
      ],
      "scoring": {
        "Very prepared: I have a fund that could cover 3+ months of essential living expenses.": 5,
        "Somewhat prepared: I have some emergency savings, but it would cover less than 3 months of expenses.": 2,
        "Not prepared: I do not have a dedicated emergency fund.": 0
      }
    },
    "finances_savings_q3": {
      "id": "finances_savings_q3",
      "question": "Are you actively making contributions to your retirement accounts (e.g., superannuation, 401(k), pension) beyond any mandatory employer contributions?",
      "type": "yes-no",
      "section": "finances_savings",
      "scoring": { "points": 4, "target_answer": "yes" }
    },
    "finances_savings_q4": {
      "id": "finances_savings_q4",
      "question": "Have you defined clear, long-term financial goals that guide your investment decisions?",
      "type": "yes-no",
      "section": "finances_savings",
      "scoring": { "points": 3, "target_answer": "yes" }
    },
    "finances_savings_q5": {
      "id": "finances_savings_q5",
      "question": "Are you building wealth in investments outside of your primary home and your retirement accounts (e.g., superannuation, 401(k), pension)?",
      "type": "yes-no",
      "section": "finances_savings",
      "scoring": { "points": 3, "target_answer": "yes" }
    },
    "finances_savings_q6": {
      "id": "finances_savings_q6",
      "question": "Do you have a basic understanding of the fees you are paying on your retirement accounts (e.g., superannuation, 401(k), pension) and other investments?",
      "type": "yes-no",
      "section": "finances_savings",
      "scoring": { "points": 2, "target_answer": "yes" }
    },
    "finances_literacy_q1": {
      "id": "finances_literacy_q1",
      "question": "Which statement best describes your primary approach to learning about personal finance?",
      "type": "multiple-choice",
      "section": "finances_literacy",
      "options": [
        "I actively seek out and learn from a variety of reliable sources (e.g., books, reputable financial websites, specialist podcasts).",
        "I occasionally look up specific topics when I have a question.",
        "I learn mostly from conversations with friends, family, or from social media.",
        "I don't actively try to learn about personal finance."
      ],
      "scoring": {
        "I actively seek out and learn from a variety of reliable sources (e.g., books, reputable financial websites, specialist podcasts).": 4,
        "I occasionally look up specific topics when I have a question.": 2,
        "I learn mostly from conversations with friends, family, or from social media.": 1,
        "I don't actively try to learn about personal finance.": 0
      }
    },
    "finances_literacy_q2": {
      "id": "finances_literacy_q2",
      "question": "Which of the following statements about the relationship between investment risk and potential return is most accurate?",
      "type": "multiple-choice",
      "section": "finances_literacy",
      "options": [
        "To get higher potential long-term returns, you usually have to accept a higher level of risk.",
        "To get higher potential long-term returns, you should always look for the lowest-risk investments.",
        "Higher risk investments always guarantee higher returns.",
        "I am not sure."
      ],
      "scoring": {
        "To get higher potential long-term returns, you usually have to accept a higher level of risk.": 4,
        "To get higher potential long-term returns, you should always look for the lowest-risk investments.": 0,
        "Higher risk investments always guarantee higher returns.": 0,
        "I am not sure.": 0
      }
    },
    "finances_literacy_q3": {
      "id": "finances_literacy_q3",
      "question": "Which of the following best describes the main purpose of investment diversification?",
      "type": "multiple-choice",
      "section": "finances_literacy",
      "options": [
        "To try and pick the one single investment that will perform best.",
        "To reduce the overall risk of a portfolio by spreading investments across different assets and industries.",
        "To make sure all your investments are in the highest-growth category.",
        "I am not sure."
      ],
      "scoring": {
        "To try and pick the one single investment that will perform best.": 0,
        "To reduce the overall risk of a portfolio by spreading investments across different assets and industries.": 4,
        "To make sure all your investments are in the highest-growth category.": 0,
        "I am not sure.": 0
      }
    },
    "finances_literacy_q4": {
      "id": "finances_literacy_q4",
      "question": "When you hear about major economic news (e.g., interest rate changes, market volatility, global events), how do you typically react?",
      "type": "multiple-choice",
      "section": "finances_literacy",
      "options": [
        "I consider how it might impact my personal financial strategy and investments.",
        "I follow the news but am not sure how it connects to my personal finances.",
        "I see the headlines but don't pay much attention to them.",
        "I generally don't follow economic news."
      ],
      "scoring": {
        "I consider how it might impact my personal financial strategy and investments.": 5,
        "I follow the news but am not sure how it connects to my personal finances.": 2,
        "I see the headlines but don't pay much attention to them.": 1,
        "I generally don't follow economic news.": 0
      }
    },
    "finances_literacy_q5": {
      "id": "finances_literacy_q5",
      "question": "When it comes to your credit score or credit report...",
      "type": "multiple-choice",
      "section": "finances_literacy",
      "options": [
        "I know my current score and have a good understanding of the key factors that influence it.",
        "I have checked it in the past, but I am not sure what it is now or what affects it.",
        "I have never checked my credit score or report."
      ],
      "scoring": {
        "I know my current score and have a good understanding of the key factors that influence it.": 3,
        "I have checked it in the past, but I am not sure what it is now or what affects it.": 1,
        "I have never checked my credit score or report.": 0
      }
    },
    "finances_literacy_q6": {
      "id": "finances_literacy_q6",
      "question": "When it comes to your primary retirement account (e.g., superannuation, 401(k)), do you know which investment option you're in?",
      "type": "multiple-choice",
      "section": "finances_literacy",
      "options": [
        "Yes, I know my investment option (e.g., High Growth, Balanced, Conservative) and why I chose it.",
        "I might know my option, but I'm not sure if it's the right one for me.",
        "No, I am not sure what my investment option is."
      ],
      "scoring": {
        "Yes, I know my investment option (e.g., High Growth, Balanced, Conservative) and why I chose it.": 3,
        "I might know my option, but I'm not sure if it's the right one for me.": 1,
        "No, I am not sure what my investment option is.": 0
      }
    },
    "finances_literacy_q7": {
      "id": "finances_literacy_q7",
      "question": "Do you understand what 'compound interest' is and how it contributes to long-term wealth?",
      "type": "yes-no",
      "section": "finances_literacy",
      "scoring": { "points": 2, "target_answer": "yes" }
    },
    "finances_mindset_q1": {
      "id": "finances_mindset_q1",
      "question": "When thinking about your finances, which statement best describes your typical emotional state?",
      "type": "multiple-choice",
      "section": "finances_mindset",
      "options": [
        "I feel calm, confident, and in control.",
        "I feel a mix of confidence and occasional worry.",
        "I often feel stressed, anxious, or overwhelmed.",
        "I try to avoid thinking about my finances because it's too stressful."
      ],
      "scoring": {
        "I feel calm, confident, and in control.": 5,
        "I feel a mix of confidence and occasional worry.": 3,
        "I often feel stressed, anxious, or overwhelmed.": 1,
        "I try to avoid thinking about my finances because it's too stressful.": 0
      }
    },
    "finances_mindset_q2": {
      "id": "finances_mindset_q2",
      "question": "Which of the following best describes your belief about your financial future?",
      "type": "multiple-choice",
      "section": "finances_mindset",
      "options": [
        "I am confident that my actions today are building a better financial future.",
        "I am hopeful, but uncertain if what I'm doing is enough.",
        "I worry that I won't be able to achieve my long-term financial goals.",
        "I feel like my financial future is largely out of my control."
      ],
      "scoring": {
        "I am confident that my actions today are building a better financial future.": 5,
        "I am hopeful, but uncertain if what I'm doing is enough.": 3,
        "I worry that I won't be able to achieve my long-term financial goals.": 1,
        "I feel like my financial future is largely out of my control.": 0
      }
    },
    "finances_mindset_q3": {
      "id": "finances_mindset_q3",
      "question": "When you experience a financial setback (e.g., a bad investment, an unexpected bill), what is your typical response?",
      "type": "multiple-choice",
      "section": "finances_mindset",
      "options": [
        "I view it as a learning experience and focus on what to do next.",
        "I feel discouraged for a while but eventually get back on track.",
        "I find it hard to recover and it often makes me afraid to take future risks."
      ],
      "scoring": {
        "I view it as a learning experience and focus on what to do next.": 4,
        "I feel discouraged for a while but eventually get back on track.": 2,
        "I find it hard to recover and it often makes me afraid to take future risks.": 0
      }
    },
    "finances_mindset_q4": {
      "id": "finances_mindset_q4",
      "question": "Do you have a clear financial plan or a set of guiding principles that you trust to make decisions?",
      "type": "yes-no",
      "section": "finances_mindset",
      "scoring": { "points": 3, "target_answer": "yes" }
    },
    "finances_mindset_q5": {
      "id": "finances_mindset_q5",
      "question": "Are you able to have constructive and calm conversations about money with important people in your life (e.g., a partner, family)?",
      "type": "yes-no",
      "section": "finances_mindset",
      "scoring": { "points": 4, "target_answer": "yes" }
    },
    "finances_mindset_q6": {
      "id": "finances_mindset_q6",
      "question": "How do you perceive money in your life?",
      "type": "multiple-choice",
      "section": "finances_mindset",
      "options": [
        "Primarily as a tool to achieve my goals and create opportunities.",
        "As a mix of a tool and a source of security.",
        "Primarily as a source of security and something to protect."
      ],
      "scoring": {
        "Primarily as a tool to achieve my goals and create opportunities.": 2,
        "As a mix of a tool and a source of security.": 1,
        "Primarily as a source of security and something to protect.": 0
      }
    },
    "finances_mindset_q7": {
      "id": "finances_mindset_q7",
      "question": "When you see others' financial success (e.g., on social media or in person), what is your typical reaction?",
      "type": "multiple-choice",
      "section": "finances_mindset",
      "options": [
        "I feel motivated or inspired, or it doesn't affect me.",
        "I feel a mix of inspiration and envy or inadequacy.",
        "I often feel discouraged, envious, or bad about my own situation."
      ],
      "scoring": {
        "I feel motivated or inspired, or it doesn't affect me.": 2,
        "I feel a mix of inspiration and envy or inadequacy.": 1,
        "I often feel discouraged, envious, or bad about my own situation.": 0
      }
    },
    "health_activity_q1": {
      "id": "health_activity_q1",
      "question": "On average, how many days a week do you engage in at least 30 minutes of moderate physical activity (e.g., a brisk walk, cycling, heavy gardening)?",
      "type": "multiple-choice",
      "section": "health_activity",
      "options": ["5 or more days", "3-4 days", "1-2 days", "Less than 1 day"],
      "scoring": {
        "5 or more days": 5,
        "3-4 days": 3,
        "1-2 days": 1,
        "Less than 1 day": 0
      }
    },
    "health_activity_q2": {
      "id": "health_activity_q2",
      "question": "Which statement best describes your relationship with physical activity?",
      "type": "multiple-choice",
      "section": "health_activity",
      "options": [
        "It is an enjoyable and non-negotiable part of my life.",
        "I am consistent with it, but it often feels like a chore.",
        "I go through phases of being active but struggle to stay consistent.",
        "I rarely or never do structured exercise."
      ],
      "scoring": {
        "It is an enjoyable and non-negotiable part of my life.": 5,
        "I am consistent with it, but it often feels like a chore.": 3,
        "I go through phases of being active but struggle to stay consistent.": 1,
        "I rarely or never do structured exercise.": 0
      }
    },
    "health_activity_q3": {
      "id": "health_activity_q3",
      "question": "How often do you incorporate dedicated strength or resistance training (e.g., lifting weights, bodyweight exercises, pilates) into your week?",
      "type": "multiple-choice",
      "section": "health_activity",
      "options": [
        "2 or more times per week",
        "About once a week",
        "Occasionally, but not every week",
        "Never"
      ],
      "scoring": {
        "2 or more times per week": 4,
        "About once a week": 2,
        "Occasionally, but not every week": 1,
        "Never": 0
      }
    },
    "health_activity_q4": {
      "id": "health_activity_q4",
      "question": "How often does your activity level reach a vigorous intensity, leaving you breathless or sweating (e.g., running, HIIT, competitive sports)?",
      "type": "multiple-choice",
      "section": "health_activity",
      "options": [
        "2 or more times per week",
        "About once a week",
        "Occasionally",
        "Never"
      ],
      "scoring": {
        "2 or more times per week": 3,
        "About once a week": 2,
        "Occasionally": 1,
        "Never": 0
      }
    },
    "health_activity_q5": {
      "id": "health_activity_q5",
      "question": "Do you purposefully include activities focused on flexibility, mobility, or balance in your routine (e.g., yoga, stretching, tai chi)?",
      "type": "multiple-choice",
      "section": "health_activity",
      "options": [
        "Yes, regularly (weekly).",
        "Yes, occasionally.",
        "No, not intentionally."
      ],
      "scoring": {
        "Yes, regularly (weekly).": 3,
        "Yes, occasionally.": 1,
        "No, not intentionally.": 0
      }
    },
    "health_activity_q6": {
      "id": "health_activity_q6",
      "question": "Outside of planned exercise, how would you describe your general daily movement?",
      "type": "multiple-choice",
      "section": "health_activity",
      "options": [
        "Very active (e.g., on my feet most of the day, take regular walking breaks).",
        "Moderately active (e.g., I make an effort to move, but I also sit for long periods).",
        "Mostly sedentary (e.g., I spend most of the day sitting)."
      ],
      "scoring": {
        "Very active (e.g., on my feet most of the day, take regular walking breaks).": 2,
        "Moderately active (e.g., I make an effort to move, but I also sit for long periods).": 1,
        "Mostly sedentary (e.g., I spend most of the day sitting).": 0
      }
    },
    "health_activity_q7": {
      "id": "health_activity_q7",
      "question": "Which statement best reflects how you adapt your activity to your body's specific needs and limitations?",
      "type": "multiple-choice",
      "section": "health_activity",
      "options": [
        "I consistently listen to my body and adapt my activities to work within my personal capabilities.",
        "I have a plan but sometimes ignore my body's signals, leading to setbacks or inconsistency.",
        "I often feel that my personal circumstances or limitations prevent me from being active."
      ],
      "scoring": {
        "I consistently listen to my body and adapt my activities to work within my personal capabilities.": 3,
        "I have a plan but sometimes ignore my body's signals, leading to setbacks or inconsistency.": 1,
        "I often feel that my personal circumstances or limitations prevent me from being active.": 0
      }
    },
    "health_nutrition_q1": {
      "id": "health_nutrition_q1",
      "question": "Which statement best describes your overall diet?",
      "type": "multiple-choice",
      "section": "health_nutrition",
      "options": [
        "It consists predominantly of whole, minimally-processed foods that I prepare myself.",
        "It's a balance of home-cooked meals and some processed/takeaway foods.",
        "It often includes processed foods, takeaways, and sugary drinks.",
        "It relies heavily on highly-processed or fast food for most meals."
      ],
      "scoring": {
        "It consists predominantly of whole, minimally-processed foods that I prepare myself.": 6,
        "It's a balance of home-cooked meals and some processed/takeaway foods.": 4,
        "It often includes processed foods, takeaways, and sugary drinks.": 1,
        "It relies heavily on highly-processed or fast food for most meals.": 0
      }
    },
    "health_nutrition_q2": {
      "id": "health_nutrition_q2",
      "question": "Thinking about a typical week, how consistently do you eat multiple servings of fruits and vegetables?",
      "type": "multiple-choice",
      "section": "health_nutrition",
      "options": [
        "I eat them with my meals almost every day.",
        "I eat them on most days, but not all.",
        "I eat them on some days, but it's not a consistent habit.",
        "I rarely eat fruits or vegetables during the week."
      ],
      "scoring": {
        "I eat them with my meals almost every day.": 5,
        "I eat them on most days, but not all.": 3,
        "I eat them on some days, but it's not a consistent habit.": 1,
        "I rarely eat fruits or vegetables during the week.": 0
      }
    },
    "health_nutrition_q3": {
      "id": "health_nutrition_q3",
      "question": "How would you describe your typical hydration state throughout the day?",
      "type": "multiple-choice",
      "section": "health_nutrition",
      "options": [
        "My energy is stable, my mind feels clear, and I rarely feel thirsty.",
        "I feel adequately hydrated most of the time, but occasionally experience thirst or fatigue.",
        "I often rely on caffeinated or sugary drinks to feel energised and hydrated.",
        "I frequently experience clear signs of poor hydration (e.g., significant thirst, headaches, fatigue)."
      ],
      "scoring": {
        "My energy is stable, my mind feels clear, and I rarely feel thirsty.": 4,
        "I feel adequately hydrated most of the time, but occasionally experience thirst or fatigue.": 2,
        "I often rely on caffeinated or sugary drinks to feel energised and hydrated.": 1,
        "I frequently experience clear signs of poor hydration (e.g., significant thirst, headaches, fatigue).": 0
      }
    },
    "health_nutrition_q4": {
      "id": "health_nutrition_q4",
      "question": "Do your meals regularly include a quality source of protein (e.g., meat, fish, eggs, tofu, legumes)?",
      "type": "multiple-choice",
      "section": "health_nutrition",
      "options": [
        "Yes, with almost every meal.",
        "Yes, with most meals.",
        "Only with some meals.",
        "Rarely."
      ],
      "scoring": {
        "Yes, with almost every meal.": 3,
        "Yes, with most meals.": 2,
        "Only with some meals.": 1,
        "Rarely.": 0
      }
    },
    "health_nutrition_q5": {
      "id": "health_nutrition_q5",
      "question": "How often do you eat until you feel uncomfortably full?",
      "type": "multiple-choice",
      "section": "health_nutrition",
      "options": [
        "Rarely or never",
        "Sometimes (e.g., a few times a month)",
        "Often (e.g., a few times a week)"
      ],
      "scoring": {
        "Rarely or never": 3,
        "Sometimes (e.g., a few times a month)": 1,
        "Often (e.g., a few times a week)": 0
      }
    },
    "health_nutrition_q6": {
      "id": "health_nutrition_q6",
      "question": "How sensitive are you to your body's hunger and energy cues when deciding when and what to eat?",
      "type": "multiple-choice",
      "section": "health_nutrition",
      "options": [
        "Very sensitive - I eat when I'm hungry and choose foods that I know will energise me.",
        "Somewhat sensitive - I sometimes eat out of habit or boredom rather than true hunger.",
        "Not very sensitive - My eating is often driven by cravings, stress, or a schedule, not hunger."
      ],
      "scoring": {
        "Very sensitive - I eat when I'm hungry and choose foods that I know will energise me.": 2,
        "Somewhat sensitive - I sometimes eat out of habit or boredom rather than true hunger.": 1,
        "Not very sensitive - My eating is often driven by cravings, stress, or a schedule, not hunger.": 0
      }
    },
    "health_nutrition_q7": {
      "id": "health_nutrition_q7",
      "question": "How much of your diet comes from foods with added sugars (e.g., soft drinks, confectionery, cakes, sugary cereals)?",
      "type": "multiple-choice",
      "section": "health_nutrition",
      "options": [
        "Very little - I rarely consume these foods.",
        "A moderate amount - I enjoy them as occasional treats.",
        "A significant amount - They are a regular part of my daily diet."
      ],
      "scoring": {
        "Very little - I rarely consume these foods.": 2,
        "A moderate amount - I enjoy them as occasional treats.": 1,
        "A significant amount - They are a regular part of my daily diet.": 0
      }
    },
    "health_sleep_q1": {
      "id": "health_sleep_q1",
      "question": "How often do you wake up feeling genuinely rested and restored?",
      "type": "multiple-choice",
      "section": "health_sleep",
      "options": [
        "Most days of the week.",
        "Some days, but it's inconsistent.",
        "Rarely.",
        "Never, I almost always feel tired when I wake up."
      ],
      "scoring": {
        "Most days of the week.": 6,
        "Some days, but it's inconsistent.": 4,
        "Rarely.": 1,
        "Never, I almost always feel tired when I wake up.": 0
      }
    },
    "health_sleep_q2": {
      "id": "health_sleep_q2",
      "question": "Which statement best describes your typical night of sleep?",
      "type": "multiple-choice",
      "section": "health_sleep",
      "options": [
        "I typically get 7-9 hours of continuous, high-quality sleep.",
        "I get 7-9 hours of total sleep, but it's often broken, restless, or fragmented.",
        "I typically get 6-7 hours of sleep.",
        "I consistently get less than 6 hours of sleep."
      ],
      "scoring": {
        "I typically get 7-9 hours of continuous, high-quality sleep.": 5,
        "I get 7-9 hours of total sleep, but it's often broken, restless, or fragmented.": 3,
        "I typically get 6-7 hours of sleep.": 1,
        "I consistently get less than 6 hours of sleep.": 0
      }
    },
    "health_sleep_q3": {
      "id": "health_sleep_q3",
      "question": "How consistent are your sleep and wake times, including on weekends?",
      "type": "multiple-choice",
      "section": "health_sleep",
      "options": [
        "Very consistent - I go to bed and wake up within the same 60-minute window every day.",
        "Fairly consistent - My weekday schedule is stable, but my weekends are very different.",
        "Not consistent - My sleep and wake times vary significantly from day to day."
      ],
      "scoring": {
        "Very consistent - I go to bed and wake up within the same 60-minute window every day.": 4,
        "Fairly consistent - My weekday schedule is stable, but my weekends are very different.": 2,
        "Not consistent - My sleep and wake times vary significantly from day to day.": 0
      }
    },
    "health_sleep_q4": {
      "id": "health_sleep_q4",
      "question": "How mindful are you of your caffeine intake and its timing?",
      "type": "multiple-choice",
      "section": "health_sleep",
      "options": [
        "Very mindful - I avoid caffeine entirely or limit it to the early morning.",
        "Somewhat mindful - I consume caffeine in the afternoon but try to stop a few hours before bed.",
        "Not mindful - I drink caffeine whenever I want, including in the evening."
      ],
      "scoring": {
        "Very mindful - I avoid caffeine entirely or limit it to the early morning.": 3,
        "Somewhat mindful - I consume caffeine in the afternoon but try to stop a few hours before bed.": 1,
        "Not mindful - I drink caffeine whenever I want, including in the evening.": 0
      }
    },
    "health_sleep_q5": {
      "id": "health_sleep_q5",
      "question": "If you struggle to fall asleep or wake in the night, how often is it due to a 'racing mind' or intrusive thoughts?",
      "type": "multiple-choice",
      "section": "health_sleep",
      "options": [
        "Rarely or never - I can usually switch off my thoughts easily.",
        "Sometimes - This happens occasionally but isn't a major issue.",
        "Often - A racing mind is a frequent cause of my sleep problems."
      ],
      "scoring": {
        "Rarely or never - I can usually switch off my thoughts easily.": 3,
        "Sometimes - This happens occasionally but isn't a major issue.": 1,
        "Often - A racing mind is a frequent cause of my sleep problems.": 0
      }
    },
    "health_sleep_q6": {
      "id": "health_sleep_q6",
      "question": "Which statement best describes your pre-sleep routine and environment?",
      "type": "multiple-choice",
      "section": "health_sleep",
      "options": [
        "I have a consistent wind-down routine in a dark, cool, and quiet room, and I avoid screens before bed.",
        "I have some good habits (e.g., dark room) but lack a consistent routine or still use screens in bed.",
        "My pre-sleep routine and environment are not optimised for good sleep."
      ],
      "scoring": {
        "I have a consistent wind-down routine in a dark, cool, and quiet room, and I avoid screens before bed.": 2,
        "I have some good habits (e.g., dark room) but lack a consistent routine or still use screens in bed.": 1,
        "My pre-sleep routine and environment are not optimised for good sleep.": 0
      }
    },
    "health_sleep_q7": {
      "id": "health_sleep_q7",
      "question": "If you find yourself awake in the middle of the night for a long period, what's your typical response?",
      "type": "multiple-choice",
      "section": "health_sleep",
      "options": [
        "I get out of bed and do a quiet, relaxing activity in low light until I feel sleepy again.",
        "I stay in bed, often checking the time or my phone, hoping to fall back asleep.",
        "This rarely happens to me / I fall back asleep easily."
      ],
      "scoring": {
        "I get out of bed and do a quiet, relaxing activity in low light until I feel sleepy again.": 2,
        "I stay in bed, often checking the time or my phone, hoping to fall back asleep.": 0,
        "This rarely happens to me / I fall back asleep easily.": 2
      }
    },
    "health_mindfulness_q1": {
      "id": "health_mindfulness_q1",
      "question": "Do you have a regular practice dedicated to training your attention and calming your mind?",
      "type": "multiple-choice",
      "section": "health_mindfulness",
      "options": [
        "Yes, I have a consistent, daily practice (e.g., meditation, breathwork, journaling).",
        "I practice a few times a week, but not daily.",
        "I've tried it, or do it occasionally, but have no regular routine.",
        "No, I do not have a formal practice."
      ],
      "scoring": {
        "Yes, I have a consistent, daily practice (e.g., meditation, breathwork, journaling).": 6,
        "I practice a few times a week, but not daily.": 4,
        "I've tried it, or do it occasionally, but have no regular routine.": 1,
        "No, I do not have a formal practice.": 0
      }
    },
    "health_mindfulness_q2": {
      "id": "health_mindfulness_q2",
      "question": "When you feel the first signs of stress or overwhelm, what is your typical immediate response?",
      "type": "multiple-choice",
      "section": "health_mindfulness",
      "options": [
        "I consciously use a tool to calm myself (e.g., take deep breaths, step away, observe my thoughts).",
        "I notice the stress but tend to ignore it and try to push through.",
        "I often turn to external distractions (e.g., social media, snacking, shopping).",
        "I don't usually notice I'm stressed until I'm very irritable or anxious."
      ],
      "scoring": {
        "I consciously use a tool to calm myself (e.g., take deep breaths, step away, observe my thoughts).": 5,
        "I notice the stress but tend to ignore it and try to push through.": 2,
        "I often turn to external distractions (e.g., social media, snacking, shopping).": 1,
        "I don't usually notice I'm stressed until I'm very irritable or anxious.": 0
      }
    },
    "health_mindfulness_q3": {
      "id": "health_mindfulness_q3",
      "question": "Throughout your day, how often do you find yourself fully 'present' in your current activity, rather than lost in thought?",
      "type": "multiple-choice",
      "section": "health_mindfulness",
      "options": [
        "Frequently - I can often anchor my attention to what I'm doing.",
        "Sometimes - I notice I'm distracted and can occasionally bring myself back to the present.",
        "Rarely - My mind is almost always somewhere else."
      ],
      "scoring": {
        "Frequently - I can often anchor my attention to what I'm doing.": 4,
        "Sometimes - I notice I'm distracted and can occasionally bring myself back to the present.": 2,
        "Rarely - My mind is almost always somewhere else.": 0
      }
    },
    "health_mindfulness_q4": {
      "id": "health_mindfulness_q4",
      "question": "When you make a mistake or face a setback, how do you typically talk to yourself?",
      "type": "multiple-choice",
      "section": "health_mindfulness",
      "options": [
        "With kindness and self-compassion, treating it as a learning opportunity.",
        "I get frustrated, but I can move on without too much self-criticism.",
        "I am usually harsh and critical of myself."
      ],
      "scoring": {
        "With kindness and self-compassion, treating it as a learning opportunity.": 3,
        "I get frustrated, but I can move on without too much self-criticism.": 1,
        "I am usually harsh and critical of myself.": 0
      }
    },
    "health_mindfulness_q5": {
      "id": "health_mindfulness_q5",
      "question": "How effectively do you manage digital distractions to protect your mental space?",
      "type": "multiple-choice",
      "section": "health_mindfulness",
      "options": [
        "Very effectively - I have clear boundaries (e.g., turn off notifications, schedule tech-free time).",
        "I try to manage them, but I'm often reactive and get easily sidetracked.",
        "Not effectively - I feel like I'm always 'on' and available."
      ],
      "scoring": {
        "Very effectively - I have clear boundaries (e.g., turn off notifications, schedule tech-free time).": 3,
        "I try to manage them, but I'm often reactive and get easily sidetracked.": 1,
        "Not effectively - I feel like I'm always 'on' and available.": 0
      }
    },
    "health_mindfulness_q6": {
      "id": "health_mindfulness_q6",
      "question": "Do you make time to connect with nature, even for a few minutes each week?",
      "type": "yes-no",
      "section": "health_mindfulness",
      "scoring": { "points": 2, "target_answer": "yes" }
    },
    "health_mindfulness_q7": {
      "id": "health_mindfulness_q7",
      "question": "Do you proactively schedule unstructured downtime into your week, with no agenda other than to rest and recharge?",
      "type": "yes-no",
      "section": "health_mindfulness",
      "scoring": { "points": 2, "target_answer": "yes" }
    },
    "connections_inner_circle_q1": {
      "id": "connections_inner_circle_q1",
      "question": "Overall, how do you feel after spending time with the people in your inner circle?",
      "type": "multiple-choice",
      "section": "connections_inner_circle",
      "options": [
        "I consistently feel energised, understood, and supported.",
        "I usually feel good, though sometimes interactions can be draining.",
        "It's a mix; some interactions are positive, while others are consistently difficult or draining.",
        "I often feel misunderstood, judged, or exhausted after spending time with them."
      ],
      "scoring": {
        "I consistently feel energised, understood, and supported.": 5,
        "I usually feel good, though sometimes interactions can be draining.": 3,
        "It's a mix; some interactions are positive, while others are consistently difficult or draining.": 1,
        "I often feel misunderstood, judged, or exhausted after spending time with them.": 0
      }
    },
    "connections_inner_circle_q2": {
      "id": "connections_inner_circle_q2",
      "question": "How psychologically safe do you feel within your inner circle?",
      "type": "multiple-choice",
      "section": "connections_inner_circle",
      "options": [
        "I feel completely safe to be my authentic self, express my true feelings, and be vulnerable without fear of judgment.",
        "I feel safe in most situations, but there are certain topics or aspects of myself I avoid sharing.",
        "I often feel like I need to be careful about what I say or do to avoid conflict or criticism."
      ],
      "scoring": {
        "I feel completely safe to be my authentic self, express my true feelings, and be vulnerable without fear of judgment.": 4,
        "I feel safe in most situations, but there are certain topics or aspects of myself I avoid sharing.": 2,
        "I often feel like I need to be careful about what I say or do to avoid conflict or criticism.": 0
      }
    },
    "connections_inner_circle_q3": {
      "id": "connections_inner_circle_q3",
      "question": "If you were facing a major life crisis, how confident are you that your inner circle would provide tangible, meaningful support?",
      "type": "multiple-choice",
      "section": "connections_inner_circle",
      "options": [
        "Completely confident - I have no doubt they would be there for me.",
        "Fairly confident - I believe most would help, but I'm not sure how.",
        "Not confident - I'm unsure if I could truly rely on them in a crisis."
      ],
      "scoring": {
        "Completely confident - I have no doubt they would be there for me.": 4,
        "Fairly confident - I believe most would help, but I'm not sure how.": 2,
        "Not confident - I'm unsure if I could truly rely on them in a crisis.": 0
      }
    },
    "connections_inner_circle_q4": {
      "id": "connections_inner_circle_q4",
      "question": "When disagreements or conflicts arise in your inner circle, how are they typically handled?",
      "type": "multiple-choice",
      "section": "connections_inner_circle",
      "options": [
        "We can discuss disagreements openly and constructively, with a focus on mutual understanding and resolution.",
        "We try to address them, but conversations can become tense or we often avoid the issue.",
        "Disagreements are often ignored, turn into arguments, or leave lingering resentment."
      ],
      "scoring": {
        "We can discuss disagreements openly and constructively, with a focus on mutual understanding and resolution.": 4,
        "We try to address them, but conversations can become tense or we often avoid the issue.": 1,
        "Disagreements are often ignored, turn into arguments, or leave lingering resentment.": 0
      }
    },
    "connections_inner_circle_q5": {
      "id": "connections_inner_circle_q5",
      "question": "Which statement best describes the balance of give and take in your closest relationships?",
      "type": "multiple-choice",
      "section": "connections_inner_circle",
      "options": [
        "There is a healthy, natural flow of mutual support; we all contribute and receive fairly evenly over time.",
        "The balance is mostly even, but I sometimes feel like I give more than I receive (or vice versa).",
        "The relationship feels imbalanced; I am consistently the primary giver or taker of support."
      ],
      "scoring": {
        "There is a healthy, natural flow of mutual support; we all contribute and receive fairly evenly over time.": 3,
        "The balance is mostly even, but I sometimes feel like I give more than I receive (or vice versa).": 1,
        "The relationship feels imbalanced; I am consistently the primary giver or taker of support.": 0
      }
    },
    "connections_inner_circle_q6": {
      "id": "connections_inner_circle_q6",
      "question": "Do your closest relationships encourage and support your personal growth and goals?",
      "type": "multiple-choice",
      "section": "connections_inner_circle",
      "options": [
        "Yes, they are some of my biggest cheerleaders and actively support my growth.",
        "They are generally supportive, but not actively involved in my personal growth.",
        "No, I feel my growth is sometimes met with indifference, resistance, or is not understood."
      ],
      "scoring": {
        "Yes, they are some of my biggest cheerleaders and actively support my growth.": 3,
        "They are generally supportive, but not actively involved in my personal growth.": 1,
        "No, I feel my growth is sometimes met with indifference, resistance, or is not understood.": 0
      }
    },
    "connections_inner_circle_q7": {
      "id": "connections_inner_circle_q7",
      "question": "How would you describe the quality of the time you spend together?",
      "type": "multiple-choice",
      "section": "connections_inner_circle",
      "options": [
        "We make a consistent effort to connect in a meaningful, present, and positive way.",
        "We spend time together, but it's often distracted (e.g., on our phones) or superficial.",
        "We rarely spend quality, focused time together."
      ],
      "scoring": {
        "We make a consistent effort to connect in a meaningful, present, and positive way.": 2,
        "We spend time together, but it's often distracted (e.g., on our phones) or superficial.": 1,
        "We rarely spend quality, focused time together.": 0
      }
    },
    "connections_community_q1": {
      "id": "connections_community_q1",
      "question": "Which statement best describes your sense of belonging to a wider community?",
      "type": "multiple-choice",
      "section": "connections_community",
      "options": [
        "I feel a strong sense of belonging and connection to one or more communities.",
        "I feel somewhat connected, but I wish that feeling of belonging was stronger.",
        "I feel more like an observer of communities rather than a part of them.",
        "I feel disconnected or isolated from any sense of community."
      ],
      "scoring": {
        "I feel a strong sense of belonging and connection to one or more communities.": 6,
        "I feel somewhat connected, but I wish that feeling of belonging was stronger.": 4,
        "I feel more like an observer of communities rather than a part of them.": 1,
        "I feel disconnected or isolated from any sense of community.": 0
      }
    },
    "connections_community_q2": {
      "id": "connections_community_q2",
      "question": "How often do you intentionally get together with a group for a shared social activity?",
      "type": "multiple-choice",
      "section": "connections_community",
      "options": [
        "Weekly or more (e.g., a sports team, regular catch-ups with friends, a hobby club).",
        "A few times a month.",
        "A few times a year.",
        "Rarely or never."
      ],
      "scoring": {
        "Weekly or more (e.g., a sports team, regular catch-ups with friends, a hobby club).": 5,
        "A few times a month.": 3,
        "A few times a year.": 1,
        "Rarely or never.": 0
      }
    },
    "connections_community_q3": {
      "id": "connections_community_q3",
      "question": "Outside of your inner circle, do you have a social network you can rely on for fun, advice, or casual support?",
      "type": "multiple-choice",
      "section": "connections_community",
      "options": [
        "Yes, I have a broad and supportive network of friends and acquaintances.",
        "I have a few other people I can connect with, but the network isn't very broad.",
        "No, nearly all of my social support comes from my inner circle."
      ],
      "scoring": {
        "Yes, I have a broad and supportive network of friends and acquaintances.": 4,
        "I have a few other people I can connect with, but the network isn't very broad.": 2,
        "No, nearly all of my social support comes from my inner circle.": 0
      }
    },
    "connections_community_q4": {
      "id": "connections_community_q4",
      "question": "Do you feel that you contribute your time or skills to a group or cause that is meaningful to you?",
      "type": "multiple-choice",
      "section": "connections_community",
      "options": [
        "Yes, I consistently feel like I'm making a meaningful contribution.",
        "I contribute occasionally, when I have the time or opportunity.",
        "No, I don't currently feel like I'm contributing in this way."
      ],
      "scoring": {
        "Yes, I consistently feel like I'm making a meaningful contribution.": 4,
        "I contribute occasionally, when I have the time or opportunity.": 2,
        "No, I don't currently feel like I'm contributing in this way.": 0
      }
    },
    "connections_community_q5": {
      "id": "connections_community_q5",
      "question": "How easy is it for you to meet new people and form new connections in your current life?",
      "type": "multiple-choice",
      "section": "connections_community",
      "options": [
        "I find it relatively easy and am open to new connections.",
        "It takes significant effort, but it happens occasionally.",
        "I find it very difficult and rarely make new connections."
      ],
      "scoring": {
        "I find it relatively easy and am open to new connections.": 3,
        "It takes significant effort, but it happens occasionally.": 1,
        "I find it very difficult and rarely make new connections.": 0
      }
    },
    "connections_community_q6": {
      "id": "connections_community_q6",
      "question": "How connected do you feel to your local neighbourhood or the area where you live?",
      "type": "multiple-choice",
      "section": "connections_community",
      "options": [
        "Very connected - I know my neighbours and feel part of the local area.",
        "Somewhat connected - I recognise people but don't have strong ties.",
        "Not connected - I feel little to no connection to my local area."
      ],
      "scoring": {
        "Very connected - I know my neighbours and feel part of the local area.": 3,
        "Somewhat connected - I recognise people but don't have strong ties.": 1,
        "Not connected - I feel little to no connection to my local area.": 0
      }
    },
    "connections_nurturing_q1": {
      "id": "connections_nurturing_q1",
      "question": "Which statement best describes your approach to initiating contact and making plans?",
      "type": "multiple-choice",
      "section": "connections_nurturing",
      "options": [
        "I consistently and proactively reach out to schedule quality time with people I care about.",
        "I'm a mix; sometimes I initiate, and other times I wait for others to contact me.",
        "I rarely initiate contact and tend to rely on others to make plans."
      ],
      "scoring": {
        "I consistently and proactively reach out to schedule quality time with people I care about.": 5,
        "I'm a mix; sometimes I initiate, and other times I wait for others to contact me.": 2,
        "I rarely initiate contact and tend to rely on others to make plans.": 0
      }
    },
    "connections_nurturing_q2": {
      "id": "connections_nurturing_q2",
      "question": "When people you care about are celebrating a success or going through a tough time, what is your typical response?",
      "type": "multiple-choice",
      "section": "connections_nurturing",
      "options": [
        "I make a conscious effort to reach out to offer genuine celebration or meaningful support.",
        "I'm happy for their successes or sad for their struggles, but I don't always actively reach out.",
        "I'm not always aware of what's happening or I'm unsure how to respond."
      ],
      "scoring": {
        "I make a conscious effort to reach out to offer genuine celebration or meaningful support.": 4,
        "I'm happy for their successes or sad for their struggles, but I don't always actively reach out.": 2,
        "I'm not always aware of what's happening or I'm unsure how to respond.": 0
      }
    },
    "connections_nurturing_q3": {
      "id": "connections_nurturing_q3",
      "question": "When you are listening to someone share something important, how present are you?",
      "type": "multiple-choice",
      "section": "connections_nurturing",
      "options": [
        "I give my full, undivided attention and focus on understanding their perspective.",
        "I listen, but I'm often distracted by my own thoughts or external factors.",
        "I often find myself waiting for my turn to speak or thinking about how to reply."
      ],
      "scoring": {
        "I give my full, undivided attention and focus on understanding their perspective.": 4,
        "I listen, but I'm often distracted by my own thoughts or external factors.": 2,
        "I often find myself waiting for my turn to speak or thinking about how to reply.": 0
      }
    },
    "connections_nurturing_q4": {
      "id": "connections_nurturing_q4",
      "question": "How often do you express care through small, thoughtful gestures (e.g., sending a 'thinking of you' message, remembering an important detail from a past conversation)?",
      "type": "multiple-choice",
      "section": "connections_nurturing",
      "options": [
        "Regularly - It's a natural part of how I show I care.",
        "Sometimes - I do it when I think of it, but it's not a consistent habit.",
        "Rarely."
      ],
      "scoring": {
        "Regularly - It's a natural part of how I show I care.": 3,
        "Sometimes - I do it when I think of it, but it's not a consistent habit.": 1,
        "Rarely.": 0
      }
    },
    "connections_nurturing_q5": {
      "id": "connections_nurturing_q5",
      "question": "What is the primary motivation for the effort you put into your relationships?",
      "type": "multiple-choice",
      "section": "connections_nurturing",
      "options": [
        "My effort is consistent because I genuinely value the connection.",
        "My effort is a mix of genuine value and a fear of being lonely.",
        "My effort increases significantly mainly when I feel lonely or need something."
      ],
      "scoring": {
        "My effort is consistent because I genuinely value the connection.": 3,
        "My effort is a mix of genuine value and a fear of being lonely.": 1,
        "My effort increases significantly mainly when I feel lonely or need something.": 0
      }
    },
    "connections_nurturing_q6": {
      "id": "connections_nurturing_q6",
      "question": "How do you approach maintaining connections with people who you don't see regularly (e.g., long-distance friends)?",
      "type": "multiple-choice",
      "section": "connections_nurturing",
      "options": [
        "I make a consistent effort to stay in touch and keep the connection alive.",
        "I try to stay in touch, but I often let too much time pass between conversations.",
        "I tend to let these relationships fade if we don't see each other."
      ],
      "scoring": {
        "I make a consistent effort to stay in touch and keep the connection alive.": 3,
        "I try to stay in touch, but I often let too much time pass between conversations.": 1,
        "I tend to let these relationships fade if we don't see each other.": 0
      }
    },
    "connections_nurturing_q7": {
      "id": "connections_nurturing_q7",
      "question": "When someone you care about makes a mistake or disappoints you, what is your typical reaction?",
      "type": "multiple-choice",
      "section": "connections_nurturing",
      "options": [
        "I try to approach it with understanding and can forgive them without holding a grudge.",
        "I feel hurt or annoyed for a while, but I can eventually move past it.",
        "I find it very difficult to let go and it often damages the relationship."
      ],
      "scoring": {
        "I try to approach it with understanding and can forgive them without holding a grudge.": 3,
        "I feel hurt or annoyed for a while, but I can eventually move past it.": 1,
        "I find it very difficult to let go and it often damages the relationship.": 0
      }
    },
    "connections_skills_q1": {
      "id": "connections_skills_q1",
      "question": "When you experience a strong, challenging emotion (like anger, disappointment, or anxiety), what is your typical first reaction?",
      "type": "multiple-choice",
      "section": "connections_skills",
      "options": [
        "I can pause, notice the feeling without being controlled by it, and choose how to respond.",
        "I feel the emotion strongly and sometimes react impulsively, but I can usually catch myself later.",
        "I often get carried away by the emotion and react in ways I later regret.",
        "I try to suppress or ignore the emotion."
      ],
      "scoring": {
        "I can pause, notice the feeling without being controlled by it, and choose how to respond.": 5,
        "I feel the emotion strongly and sometimes react impulsively, but I can usually catch myself later.": 3,
        "I often get carried away by the emotion and react in ways I later regret.": 1,
        "I try to suppress or ignore the emotion.": 0
      }
    },
    "connections_skills_q2": {
      "id": "connections_skills_q2",
      "question": "In a disagreement, how much effort do you put into genuinely understanding the other person's perspective, even if you don't agree with it?",
      "type": "multiple-choice",
      "section": "connections_skills",
      "options": [
        "A lot - My primary goal is to understand where they are coming from.",
        "Some - I try to understand their view, but my main focus is on expressing my own.",
        "Little - My primary goal is to explain my side and win the argument."
      ],
      "scoring": {
        "A lot - My primary goal is to understand where they are coming from.": 5,
        "Some - I try to understand their view, but my main focus is on expressing my own.": 2,
        "Little - My primary goal is to explain my side and win the argument.": 0
      }
    },
    "connections_skills_q3": {
      "id": "connections_skills_q3",
      "question": "How comfortable and effective are you at communicating your needs and setting personal boundaries in a respectful way?",
      "type": "multiple-choice",
      "section": "connections_skills",
      "options": [
        "I am comfortable and can do it clearly and respectfully.",
        "I find it difficult and often avoid it, or I feel guilty when I do it.",
        "I struggle to be respectful and can sometimes be overly blunt or aggressive."
      ],
      "scoring": {
        "I am comfortable and can do it clearly and respectfully.": 4,
        "I find it difficult and often avoid it, or I feel guilty when I do it.": 1,
        "I struggle to be respectful and can sometimes be overly blunt or aggressive.": 0
      }
    },
    "connections_skills_q4": {
      "id": "connections_skills_q4",
      "question": "How do you typically react when someone gives you constructive feedback or criticism?",
      "type": "multiple-choice",
      "section": "connections_skills",
      "options": [
        "I listen openly and try to find the value in it, even if it's difficult to hear.",
        "I tend to get defensive or start justifying my actions.",
        "I take it very personally and it often upsets me for a while."
      ],
      "scoring": {
        "I listen openly and try to find the value in it, even if it's difficult to hear.": 4,
        "I tend to get defensive or start justifying my actions.": 1,
        "I take it very personally and it often upsets me for a while.": 0
      }
    },
    "connections_skills_q5": {
      "id": "connections_skills_q5",
      "question": "When you realise you have made a mistake or hurt someone, what is your typical response?",
      "type": "multiple-choice",
      "section": "connections_skills",
      "options": [
        "I apologise sincerely and take responsibility for my actions.",
        "I find it hard to admit I'm wrong, or my apologies feel forced.",
        "I tend to justify my actions or blame the other person."
      ],
      "scoring": {
        "I apologise sincerely and take responsibility for my actions.": 3,
        "I find it hard to admit I'm wrong, or my apologies feel forced.": 1,
        "I tend to justify my actions or blame the other person.": 0
      }
    },
    "connections_skills_q6": {
      "id": "connections_skills_q6",
      "question": "How often do you reflect on your interactions with others to better understand your own behaviour and its impact?",
      "type": "multiple-choice",
      "section": "connections_skills",
      "options": [
        "Often - It's a regular practice for me.",
        "Sometimes - Usually only when an interaction goes poorly.",
        "Rarely or never."
      ],
      "scoring": {
        "Often - It's a regular practice for me.": 2,
        "Sometimes - Usually only when an interaction goes poorly.": 1,
        "Rarely or never.": 0
      }
    },
    "connections_skills_q7": {
      "id": "connections_skills_q7",
      "question": "How skilled are you at noticing the emotional state of others, even when they aren't expressing it directly?",
      "type": "multiple-choice",
      "section": "connections_skills",
      "options": [
        "Very skilled - I can often sense how someone is feeling.",
        "Somewhat skilled - I can sometimes pick up on things, but I also miss cues.",
        "Not very skilled - I tend to take people at face value."
      ],
      "scoring": {
        "Very skilled - I can often sense how someone is feeling.": 2,
        "Somewhat skilled - I can sometimes pick up on things, but I also miss cues.": 1,
        "Not very skilled - I tend to take people at face value.": 0
      }
    }
  }
}
